Bandit,Reward,Algorithm
0,0.6740368377216688,EpsilonGreedy
1,2.087574092882532,EpsilonGreedy
2,2.7738374801402883,EpsilonGreedy
3,4.00678475023246,EpsilonGreedy
