Bandit,Reward,Algorithm
0,0.6376109801972063,EpsilonGreedy
1,2.1476452474177528,EpsilonGreedy
2,2.095320653869388,EpsilonGreedy
3,3.9952321364062984,EpsilonGreedy
