Bandit,Reward,Algorithm
0,0.2056033816003432,ThompsonSampling
1,0.22185633133616534,ThompsonSampling
2,2.9819603252966664,ThompsonSampling
3,4.009281379229221,ThompsonSampling
