Bandit,Reward,Algorithm
0,0.7175971683706251,ThompsonSampling
1,0.28415463031938704,ThompsonSampling
2,2.9638308150625274,ThompsonSampling
3,4.000028128523754,ThompsonSampling
